x,y,z
-32.498655849402866,5.730389863008699,0.0
-32.617065114695784,5.011963400605905,0.042027802042448284
-32.7193757216927,4.291073062920042,0.08405444415148978
-32.8055361308894,3.568084314696691,0.12607876642573096
-32.87550320538518,2.843363702445255,0.1680996090278038
-32.92924223361341,2.117278658807025,0.21011581221637649
-32.966726947459804,1.3901973064457414,0.25212621637816124
-32.9879395357584,0.6624882615724362,0.29412966205991875
-32.99287065315798,-0.06547956278695946,0.3361249900004581
-32.98151942435446,-0.7933371536688705,0.3781110411626315
-32.953893443687036,-1.5207155950856481,0.4200866567653228
-32.91000877009909,-2.2472462648628766,0.4620506783154288
-32.84988991746708,-2.9725610312919244,0.5040019476398329
-32.77356984030356,-3.696292449485446,0.5459393069173694
-32.68108991484299,-4.418073957327508,0.5878615987107753
-32.57249991552182,-5.137540070906746,0.6297676659986488
-32.44785798686676,-5.854326579324163,0.6716563522073602
-32.307230610808055,-6.568070738765703,0.7135265012429877
-32.1506925694369,-7.278411465730976,0.7553769575232201
-31.97832690322905,-7.984989529310023,0.7972065660092506
-31.79022486475915,-8.687447742399971,0.8390141722376544
-31.5864858679328,-9.385431151755123,0.8807986223522516
-31.36721743276623,-10.078587226763494,0.922558763135952
-31.13253512574554,-10.766566046844982,0.9642934420425836
-30.88256249580071,-11.449020487365177,1.0060015072287014
-30.617431005931188,-12.12560640396253,1.047681807585378
-30.337279960523368,-12.79598281518419,1.0893331927699723
-30.042256428401664,-13.459812083330311,1.1309545132378789
-29.73251516165846,-14.116760093404254,1.1725446202742547
-29.40821851030941,-14.76649643007065,1.2141023660257213
-29.069536332824324,-15.408694552521046,1.2556266035320462
-28.716645902584652,-16.043031967151556,1.2971161867577974
-28.349731810322563,-16.66919039795492,1.338569970623973
-27.9689858625975,-17.28685595453345,1.3799868110396043
-27.574606976369115,-17.895719297639225,1.421365564933332
-27.166801069727757,-18.49547580214934,1.4627050902849548
-26.74578094884511,-19.08582571738705,1.5040042461569465
-26.31176619121094,-19.666474324698633,1.545261892725943
-25.864983025222536,-20.237132092200525,1.5864768913142138
-25.405664206197237,-20.79751482660975,1.6276481044210678
-24.934048888878348,-21.34734382207548,1.6687743957542613
-24.45038249650913,-21.886346005928555,1.7098546302613553
-23.95491658654922,-22.414254081269796,1.750887674161042
-23.447908713111335,-22.930806666318443,1.7918723949744362
-22.92962228619714,-23.435748430444562,1.8328076615563311
-22.400326427813273,-23.928830226811098,1.8736923441264166
-21.860295825050077,-24.40980922155316,1.9145253143004606
-21.30981058020752,-24.878449019424355,1.9553054451214509
-20.74915605805419,-25.334519785841795,1.9960316110906993
-20.178622730306973,-25.777798365263806,2.036702688198904
-19.598506017420455,-26.2080683958364,2.077317553957171
-19.00910612777698,-26.625120420246486,2.117875087427995
-18.41072789436893,-27.02875199272274,2.1583741692561933
-17.80368060906698,-27.418767782126476,2.198813681699804
-17.188277854569016,-27.794979671077748,2.2391925086609303
-16.564837334125563,-28.15720685106391,2.2795095357165476
-15.933680699139178,-28.505275913480467,2.3197636501492562
-15.29513337473591,-28.839020936556167,2.3599537409779967
-14.649524383408474,-29.15828356811689,2.400078698988707
-13.997186166831488,-29.462913104145247,2.4401374167649403
-13.33845440595026,-29.752766563095243,2.480128788718426
-12.673667839445493,-30.027708755923864,2.520051711119583
-12.00316808067706,-30.28761235180395,2.559905082127983
-11.327299433210873,-30.53235793948518,2.599687801822762
-10.646408705033558,-30.76183408427263,2.639398772232972
-9.960845021560136,-30.9759373805948,2.6790368973678897
-9.27095963754109,-31.174572500135582,2.718601083247261
-8.577105747974796,-31.357652235507427,2.7580902379314973
-7.879638298132631,-31.52509753944514,2.7975032715518084
-7.17891379280405,-31.676837559502825,2.8368390963402828
-6.475290104869324,-31.812809668238636,2.876096626659918
-5.769126283307984,-31.932959488875017,2.915274779034571
-5.060782360751137,-32.03724091642436,2.9543724721788593
-4.350619160686082,-32.12561613427296,2.9933886270280183
-3.6389981044216384,-32.198055626218455,3.032322166767673
-2.9262810179226983,-32.25453818395893,3.0711720168635583
-2.212829938622415,-32.295050910034,3.1099371050911753
-1.4990069223203917,-32.3195892162213,3.1486163615653844
-0.7851738502750166,-32.32815681739407,3.1872087187699334
-0.07169223659789598,-32.32076572084829,3.2257131115869195
0.64107696394196,-32.29743621111045,3.264128477326186
1.352773547597077,-32.2581968302393,3.3024537557546516
2.0630382526962983,-32.20308435363814,3.3406878891255727
2.771512949969606,-32.13214376139609,3.3788298222077344
3.4778408320367173,-32.045428205179675,3.4168785023145736
4.181666601954413,-31.942998970698767,3.4548328793332423
4.882636660718014,-31.824925435772865,3.4926919057535732
5.5803992936132145,-31.691285024026932,3.5304545366969977
6.2746048553150375,-31.542163154247785,3.5681197299453946
6.964905953632367,-31.377653185435,3.6056864459698343
7.650957631795598,-31.19785635758257,3.6431536479592865
8.332417549188639,-31.002881728229703,3.680520301849217
9.00894616042463,-30.792846104821997,3.7177853763501485
9.680206892667801,-30.567873972926325,3.7549478429761094
10.345866321104591,-30.328097420344903,3.792006676073022
11.00559434246793,-30.073656057176734,3.828960852847012
11.659064346519823,-29.80469693187662,3.865809353392633
12.305953385399476,-29.521374443364124,3.9025511607210186
12.945942340744514,-29.223850249237373,3.9391852607879487
13.57871608849524,-28.91229317014823,3.975710642521837
14.203963661292635,-28.586879090397975,4.012126297851634
14.821378408382296,-28.24779085481467,4.048431221734653
15.430658152938804,-27.895218161974995,4.084624412184303
16.03150534672565,-27.529357453836017,4.120704870297748
16.62362722200849,-27.15041180184364,4.15667160028347
17.20673594064055,-26.75859078958683,4.1925236094887595
17.780548740240278,-26.354110392068815,4.228259908427107
18.344788077384894,-25.937192851667476,4.263879510805511
18.899181767743407,-25.508066550859663,4.2993814335517015
19.443463123075436,-25.06696588178586,4.334764696841271
19.977371085024213,-24.61413111273284,4.370028324124721
20.50065035563366,-24.149808251614207,4.405171342154407
21.01305152452185,-23.67424890652968,4.440192781011402
21.514331192645002,-23.187710143486044,4.4750916741322655
22.004252092587887,-22.69045434136411,4.509867058335724
22.482583205319195,-22.18274904421729,4.544517973849246
22.949099873352502,-21.66486681098863,4.579043464335538
23.40358391025527,-21.13708506273485,4.613442576918937
23.84582370645037,-20.599685927447464,4.647714362211705
24.275614331257742,-20.052956082561195,4.681857874340236
24.692757631125296,-19.497186595242123,4.715872170971159
25.097062324000284,-18.93267276054902,4.7497563133373495
25.48834408979552,-18.359713937561576,4.783509366263832
25.866425656906205,-17.77861338357134,4.817130398193595
26.231136884736344,-17.189678086431048,4.8506184812133
26.58231484219543,-16.593218595159655,4.883972691078891
26.919803882128516,-15.98954884890122,4.917192107241102
27.243455711645872,-15.378986004335852,4.950275812870868
27.5531294583198,-14.76185026164254,4.98322289488462
27.848691732219745,-14.138464689113455,5.016032443969494
28.130016683758317,-13.50915504652052,5.048703554608423
28.396986057323726,-12.874249607335644,5.081235325105126
28.64948924067677,-12.234078979905727,5.113626857609007
28.887423310092608,-11.58897592768495,5.145877258139914
29.110693071230322,-10.939275188626134,5.177985636612832
29.319211095715715,-10.285313293834086,5.209951106862434
29.512897753424934,-9.627428385584004,5.241772786667548
29.691681240459673,-8.965960034807438,5.273449797775501
29.85549760280649,-8.301249058149418,5.304981265926361
30.004290755675928,-7.633637334699359,5.336366320877061
30.138012498518997,-6.963467622499043,5.367604096425423
30.256622525721497,-6.29108337493125,5.3986937304340605
30.360088432978976,-5.616828557090959,5.429634364854174
30.448385719357734,-4.941047462242293,5.460425145749232
30.52149778504939,-4.2640845284638065,5.4910652233185395
30.579415924829398,-3.5862841555839973,5.521553751920692
30.622139317232293,-2.9079905225081686,5.551889890096914
30.649675009458413,-2.2295474050392117,5.582072800594282
30.662037898029997,-1.551297994291433,5.612101650388834
30.65925070521629,-0.8735847157989662,5.641975610708558
30.641343951250104,-0.1967490494177158,5.671693857056267
30.608355922360488,0.4788686498804426,5.7012555692323525
30.56033263464847,1.1529293302229042,5.730659931357426
30.497327793835247,1.825095419963118,5.759906131894831
30.41940275091446,2.495031003623385,5.788993363673042
30.3266264537425,3.162401996557523,5.817920823907946
30.21907539460295,3.8268763182385306,5.846687714224993
30.096833553783636,4.48812406407815,5.875293240681235
29.95999233920691,5.145817675685221,5.903736613787235
29.80865052215576,5.799632109471893,5.9320170485288575
29.642914169140884,6.449245003517127,5.960133764388935
29.462896569955614,7.094336842598148,5.9880859853688095
29.268718161967755,7.734591121302561,6.015872940009747
29.060506450699613,8.369694505134103,6.043493861414234
28.838395926749147,8.999336989527428,6.070947987267139
28.602527979107496,9.62321205668791,6.098234559856744
28.353050804929815,10.241016830173942,6.12535282609569
28.090119315818537,10.852452227141525,6.152302037541704
27.813895040679544,11.457223108171288,6.179081450418325
27.524546025214132,12.055038424600966,6.2056903256353575
27.222246728110765,12.645611363286946,6.232127928809342
26.907177914003295,13.228659488720185,6.25839353028377
26.57952654326276,13.803904882424682,6.284486405149244
26.23948565869258,14.371074279567122,6.310405833263483
25.887254269198106,14.929899202708423,6.336151099271194
25.523037230502947,15.480116092630361,6.36172149262383
25.147045122986388,16.021466436171426,6.387116307599163
24.759494126717012,16.553696891008702,6.412334843320815
24.36060589375982,17.076559407324115,6.4373764037775505
23.950607417834927,17.58981134629501,6.462240297842518
23.529730901407596,18.0932155953517,6.486925839292317
23.098213620290146,18.586540680146403,6.511432346825931
22.656297785837918,19.06956087317983,6.535759144083536
22.204230404822816,19.542056299033447,6.559905559665169
21.74226313706811,20.00381303615864,6.583870927149252
21.270652150930164,20.454623215175037,6.60765458511099
20.789657976713613,20.894285113632613,6.6312558771406245
20.29954535810698,21.322603247194586,6.654674151861549
19.800583101726726,21.73938845720074,6.677908762948288
19.293043924859425,22.14445799457131,6.700959069144332
18.77720430149085,22.53763560001622,6.723824434279839
18.253344306713377,22.918751580514336,6.746504227289192
17.72174745960223,23.287642882031328,6.768997822228411
17.182700564652755,23.64415315844594,6.791304598292438
16.63649355187065,23.98813283665748,6.81342393983226
16.0834193156081,24.31943917784908,6.8353552363719094
15.523773552239364,24.637936334883577,6.857097882625306
14.95785459676913,24.943495405811504,6.878651278512966
14.385963258467573,25.235994483472798,6.900014829178564
13.808402655626443,25.51531870117602,6.921187945005348
13.225478049530803,25.78136027444114,6.942170041632417
12.637496677740925,26.034018538794452,6.962960539970839
12.044767586778816,26.273199983606457,6.9835588662196475
11.447601464314308,26.498818281965676,7.003964451881666
10.84631047094572,26.710794316583673,7.024176733779205
10.241208071669487,26.90905620172891,7.044195154069601
9.632608867133229,27.093539301189548,7.064019160260615
9.02082842476676,27.26418624226717,7.08364820522568
8.406183109885486,27.420946925805843,7.1030817472190035
7.788989916859519,27.563778532263388,7.122319249890514
7.169566300442585,27.692645523833583,7.141360182300668
6.548230007353312,27.807519642630712,7.160204018935103
5.9252989082018015,27.908379904949637,7.178850239719142
5.3010908298541555,27.995212591617,7.197298330032144
4.675923388325679,28.06801123445145,7.21554778072171
4.050113822294286,28.126776598852718,7.233598088117734
3.423978827324654,28.171516662541602,7.2514487540463035
2.7978343908922905,28.20224659047518,7.269099285843451
2.171995628296882,28.21898870596339,7.286549196368747
1.546776619552517,28.221772458015575,7.30379800401875
0.9224902473422456,28.21063438494725,7.32084523274029
0.29944803612353876,28.185618074279677,7.337690412043626
-0.3220400075304978,28.14677411896674,7.3543330770154
-0.9416655532693047,28.094160069985495,7.370772768331497
-1.5591221038996355,28.027840385328933,7.387009032269706
-2.17410515083445,27.947886375441158,7.403041420722256
-2.786312327974617,27.85437614513738,7.418869491208166
-3.395443563944025,27.747394532052596,7.434492806885468
-4.001201232598955,27.627033041665047,7.449910936563264
-4.603290301734796,27.49338977894205,7.465123454713621
-5.201418479913777,27.34656937665766,7.480129941483318
-5.795296361338769,27.186682920433434,7.49492998270544
-6.384637568700019,27.01384787055506,7.509523169910788
-6.969158893923044,26.82818798061937,7.523909100339186
-7.548580436747116,26.629833213067855,7.538087376950563
-8.122625741064844,26.418919651664496,7.552057608435934
-8.691021928956323,26.195589410976886,7.565819409228186
-9.25349983235151,25.959990542921513,7.579372399512727
-9.809794122256127,25.712276940435384,7.592716205237969
-10.359643435479576,25.452608238337305,7.605850458125644
-10.902790498802526,25.181149711444167,7.618774795680977
-11.438982250526264,24.898072170007858,7.631488861202686
-11.967969959344881,24.603551852541013,7.643992303792826
-12.489509340485853,24.297770316099648,7.656284778366476
-13.003360669063603,23.98091432409323,7.668365945661261
-13.509288890595144,23.653175731692613,7.680235472246718
-14.007063728626058,23.31475136890867,7.691893030533495
-14.49645978941951,22.965842921414083,7.703338298782395
-14.977256663660537,22.606656809183086,7.714570961113253
-15.449239025131225,22.237404063024073,7.725590707513659
-15.912196726314196,21.858300199080844,7.736397233847507
-16.365924890882642,21.469565091379852,7.746990241863395
-16.810224003038282,21.071422842500922,7.757369439202854
-17.244899993660425,20.664101652449617,7.767534539408416
-17.669764323230087,20.24783368581103,7.777485261931523
-18.084634061497116,19.822854937264065,7.787221332140265
-18.489331963858174,19.389405095537246,7.796742481326966
-18.883686544416843,18.94772740588674,7.806048446715594
-19.267532145698915,18.498068531177864,7.8151389714690165
-19.640709004997134,18.040678411652443,7.824013804696091
-20.003063317322535,17.575810123464137,7.832672701458583
-20.35444729494163,17.103719736064082,7.841115422777935
-20.694719223479527,16.62466616852065,7.849341735641851
-21.023743514572914,16.138911044855504,7.85735141301074
-21.341390755056917,15.646718548480532,7.865144233823972
-21.647537752673813,15.148355275818131,7.872719983005984
-21.94206757829185,14.644090089189469,7.880078451472214
-22.22486960462563,14.134193969054008,7.887219436134874
-22.495839541451222,13.618939865684059,7.8941427399085535
-22.75487946731104,13.098602550358034,7.900848171715653
-23.001897857705366,12.573458466156573,7.907335546491672
-23.23680960977028,12.04378557844396,7.913604685190302
-23.45953606344235,11.509863225119354,7.9196554147883775
-23.670005019114114,10.97197196671965,7.925487568290645
-23.868150751784487,10.4303934364579,7.931100984734378
-24.053914021712124,9.885410190278527,7.936495509193814
-24.227242081579924,9.337305557012613,7.941670992784432
-24.38808868018235,8.786363488713546,7.946627292667063
-24.536414062647808,8.23286841125554,7.9513642720518325
-24.672184967211503,7.677105075274219,7.955881800201934
-24.795374618554817,7.119358407530737,7.960179752437236
-24.905962717730308,6.5599133627774515,7.964258010137728
-25.003935428692287,5.99905477620535,7.968116460746789
-25.08928536145554,5.437067216549878,7.971754997774298
-25.16201155190586,4.874234839933969,7.97517352079957
-25.222119438288566,4.310841244523383,7.978371935474129
-25.269620834402215,3.747169326071535,7.981350153524313
-25.304533899527105,3.1835011344273183,7.984108092753708
-25.326883105119315,2.6201177310809824,7.986645677045417
-25.33669919830313,2.0572990478206905,7.988962836364163
-25.334019162196128,1.4953237465713745,7.991059506758219
-25.31888617310284,0.9344690804877461,7.992935630361175
-25.291349554614627,0.3750107563710325,7.994591155393533
-25.251464728654792,-0.18277720152212604,7.9960260361641415
-25.199293163509626,-0.7386225862096909,7.997240233071447
-25.134902318887548,-1.2922551411880343,7.998233712604596
-25.058365588049885,-1.8434066920425674,7.999006447344355
-24.969762237058443,-2.3918112764025286,7.99955841596387
-24.86917734118624,-2.9372052721755284,7.999889603229252
-24.756701718539258,-3.4793275240016435,8.0
